{
  "0": [
    [
      1.819561362, 0.591472566, 36.60643387, 3.15364933, 1.194365501,
      -1.065213323, 0.45877552, 13.45154381, -0.172667742, -1.460278511,
      1.89377439, 0.229791701, 36.39185715, 2.156469107, 1.470495462
    ],
    [
      1.280462623, 0.518426716, 20.99185944, 1.971198082, 0.656758845,
      -2.617081642, 1.649227619, 105.2597504, 0.240616798, -4.38176918,
      1.366806626, 0.12820898, 20.73057747, 1.503599524, 1.052825809
    ],
    [
      1.645449638, 1.179492116, 32.78964996, 3.586164951, 0.256121039,
      -1.160086513, 0.195987701, 11.07369518, -0.940269768, -1.446574688,
      1.3689996, 0.338501692, 15.90994644, 1.722072005, 0.751741409
    ],
    [
      0.903927207, 0.118779525, 9.143122673, 1.080602765, 0.733122289,
      -0.844661891, 0.382451564, 9.456952095, 0.022431493, -1.14255023,
      0.499934703, 0.128606141, 2.931216717, 0.670214891, 0.320594609
    ],
    [
      1.027698874, 0.962905347, 19.83351707, 3.005636215, 0.031806231,
      -1.237266898, 0.205685094, 15.73135757, -0.749033213, -1.392587781,
      0.564382672, 0.211192191, 3.631299496, 0.792327464, 0.159336179
    ],
    [
      1.634316444, 0.992691278, 36.56426239, 2.58062315, -0.336779118,
      0.130719274, 0.158457235, 0.421962261, 0.487842023, -0.050975502,
      -0.109259151, 0.037816223, 0.133676291, -0.017194005, -0.161954463
    ],
    [
      2.073770523, 0.746241093, 48.5739975, 2.701880217, 0.478970289,
      -1.087418795, 0.254345775, 12.47171402, -0.749547839, -1.503279805,
      1.652481079, 0.10372664, 27.4145298, 1.781474352, 1.480059028
    ]
  ],
  "1": [
    [
      -1.662287235, 0.378370702, 34.87635803, -0.713702798, -2.025449038,
      0.541494846, 0.928789854, 13.8704071, 1.977129221, -0.521901429,
      -0.788670719, 0.380108327, 9.197806358, -0.178014547, -1.232881546
    ],
    [
      -2.129148006, 1.100874066, 45.9615593, 0.060047626, -3.113197327,
      -1.290381432, 0.65170759, 16.71845627, -0.577184319, -2.234471798,
      0.281112015, 0.502952993, 2.655885458, 1.116408467, -0.23735784
    ],
    [
      -1.556684732, 1.572588086, 48.96300888, 0.324867487, -4.047526836,
      0.219046593, 0.465301692, 2.644870758, 1.076155186, -0.204502434,
      -0.117697164, 0.889445722, 8.049663544, 0.75663656, -1.606536031
    ],
    [
      -2.13161397, 1.114783525, 52.07868576, -0.208881021, -3.197063923,
      -0.592090786, 0.900519848, 10.4535675, 0.382267118, -1.990641594,
      0.353133768, 1.010227203, 10.30736256, 1.541078091, -0.963959634
    ],
    [
      -1.053183198, 0.728908002, 21.32652283, -0.185236812, -1.943904757,
      -0.696478426, 0.877205014, 16.30942154, 0.46111238, -1.652760625,
      0.811337829, 0.556740224, 12.58697414, 1.522809386, 0.074907847
    ],
    [
      -1.766500592, 1.522331834, 70.69424438, -0.283248305, -4.544926643,
      -0.85836786, 1.0091573, 22.81752205, 0.475877702, -2.159384966,
      0.454620689, 0.676256657, 8.63203907, 1.340103149, -0.425830483
    ],
    [
      -1.966447353, 0.533018887, 37.3592186, -0.877881289, -2.4324615,
      -0.6451931, 0.859559238, 10.39604568, 0.2288059, -2.176216841,
      -0.187321559, 0.578635335, 3.32917428, 0.825311244, -0.789924681
    ]
  ],
  "2": [
    [
      -0.15192169, 2.186329603, 297.7932739, 3.233692169, -3.236776829,
      -0.876527965, 1.171449542, 132.7169037, 1.293963194, -2.727238178,
      0.122768387, 0.291517437, 6.203378201, 0.591642797, -0.372186542
    ],
    [
      -0.313005418, 0.944663465, 49.51807404, 0.85426116, -1.953539014,
      -1.244907856, 2.325977564, 347.9983826, 2.294107437, -4.643200397,
      0.497595131, 0.430154681, 21.63169861, 1.045257211, -0.240858927
    ],
    [
      -0.411616772, 0.562992394, 25.77860641, 0.717675924, -1.550320983,
      -1.482238889, 2.619585752, 480.1408386, 2.595927, -5.100192547,
      0.763679981, 0.524448514, 45.48742676, 1.413003564, -0.243975699
    ],
    [
      -0.217239276, 1.2146945, 91.36053467, 1.99368155, -1.721754789,
      -1.443630934, 2.320227623, 448.0515442, 1.621291041, -5.040243149,
      0.422013909, 0.560312808, 29.52276802, 1.175258756, -0.504387438
    ],
    [
      -0.061746035, 1.551169753, 159.0560608, 1.804783821, -2.871194124,
      -1.56274271, 2.12968564, 460.5299072, 1.372401953, -4.454410553,
      0.558840156, 0.668584526, 50.11430359, 1.367264032, -0.622165859
    ],
    [
      -0.189590186, 2.536545992, 420.5506592, 3.36245656, -3.851977825,
      -1.612648368, 0.901261926, 221.8390045, -0.305288434, -3.458059311,
      0.333802402, 0.535904169, 25.91012383, 1.038738608, -0.580341756
    ],
    [
      -0.644529939, 2.429015636, 467.3495789, 3.40657568, -3.962459564,
      -1.418237209, 0.689957857, 184.0704651, 0.203697681, -2.542664051,
      0.355515182, 0.5252648, 29.76976776, 1.12872076, -0.506985545
    ]
  ],
  "3": [
    [
      -0.249220312, 1.960994601, 324.331665, 2.490215302, -3.480636835,
      -0.384192258, 1.408306956, 176.8673553, 1.680183649, -2.768686295,
      -0.060589757, 0.334420502, 9.587179184, 0.467871696, -0.584843457
    ],
    [
      -0.163909361, 1.816532493, 296.0724182, 2.788138151, -3.170976639,
      -0.181730762, 1.316506028, 157.1930542, 2.17172575, -2.373629093,
      -0.045096353, 0.361889243, 11.83677769, 0.545996249, -0.667949617
    ],
    [
      -0.020534571, 1.396175861, 142.3302002, 2.613101006, -2.248723984,
      -0.183843881, 1.773864031, 232.1686401, 2.475968122, -3.049320221,
      -0.037985377, 0.277675897, 5.733915329, 0.369820207, -0.592289805
    ],
    [
      0.010328428, 1.370795846, 167.2477417, 2.039793253, -2.498505592,
      -0.218414098, 1.569691539, 223.5356293, 2.531946421, -2.877969742,
      -0.044314645, 0.283940226, 7.350139141, 0.409079969, -0.607280552
    ],
    [
      0.103941888, 1.40399003, 174.4152832, 2.535378695, -2.481730938,
      -0.137070283, 1.432582617, 182.2551575, 1.651444077, -2.529435396,
      -0.018074227, 0.360222876, 11.4476738, 0.606806636, -0.670704544
    ]
  ]
}
